IDENTIFIER,GRAMMAR_PATTERN,WORD,SWUM,POSSE,STANFORD,CORRECT,PREDICTION,MATCH,SYSTEM,CONTEXT,IDENT
accelerometer Data,NM N,accelerometer,NM,N,N,NM,NM,True,openFrameworks,5,0
accelerometer Data,NM N,Data,N,N,N,N,N,True,openFrameworks,5,0
actual,N,actual,N,N,N,N,N,True,junit4,5,1
actual Count,NM N,actual,NM,NM,NM,NM,NM,True,okhttp,1,2
actual Count,NM N,Count,N,N,N,N,N,True,okhttp,1,2
actual Suffix,NM N,actual,NM,NM,NM,NM,NM,True,junit4,3,3
actual Suffix,NM N,Suffix,N,N,N,N,N,True,junit4,3,3
Added Unicode Smp,NM NM N,Added,NM,N,N,NM,NM,True,corenlp,1,4
Added Unicode Smp,NM NM N,Unicode,NM,N,N,NM,NM,True,corenlp,1,4
Added Unicode Smp,NM NM N,Smp,N,N,N,N,N,True,corenlp,1,4
all Open Files String,DT NM NM N,all,DT,V,DT,DT,DT,True,okhttp,4,5
all Open Files String,DT NM NM N,Open,NM,N,N,NM,NM,True,okhttp,4,5
all Open Files String,DT NM NM N,Files,NM,N,N,NM,NM,True,okhttp,4,5
all Open Files String,DT NM NM N,String,N,FAILURE,N,N,N,True,okhttp,4,5
alt Name,NM N,alt,NM,N,N,NM,NM,True,okhttp,5,6
alt Name,NM N,Name,N,N,N,N,N,True,okhttp,5,6
ambient coefficient,NM N,ambient,NM,NM,NM,NM,NM,True,bullet3,5,7
ambient coefficient,NM N,coefficient,N,N,N,N,N,True,bullet3,5,7
apply Margin Insets,V NM NPL,apply,V,V,VBP,V,V,True,corenlp,4,8
apply Margin Insets,V NM NPL,Margin,NM,N,N,NM,NM,True,corenlp,4,8
apply Margin Insets,V NM NPL,Insets,N,N,NPL,NPL,NPL,True,corenlp,4,8
Arabic Segmenter,NM N,Arabic,NM,NM,NM,NM,NM,True,corenlp,2,9
Arabic Segmenter,NM N,Segmenter,N,N,N,N,N,True,corenlp,2,9
array Class,NM N,array,NM,N,N,NM,NM,True,junit4,5,10
array Class,NM N,Class,N,N,N,N,N,True,junit4,5,10
Assertion Failed Error,NM NM N,Assertion,NM,N,N,NM,NM,True,junit4,2,11
Assertion Failed Error,NM NM N,Failed,NM,N,VBD,NM,NM,True,junit4,2,11
Assertion Failed Error,NM NM N,Error,N,N,N,N,N,True,junit4,2,11
assigns,NPL,assigns,N,V,VBZ,NPL,N,False,junit4,5,12
Attribute,N,Attribute,N,N,N,N,N,True,openFrameworks,2,13
avg Map,NM N,avg,NM,N,N,NM,NM,True,corenlp,3,14
avg Map,NM N,Map,N,N,N,N,N,True,corenlp,3,14
b Flip Horizontally,PRE V VM,b,NM,FAILURE,N,PRE,NM,False,openFrameworks,5,15
b Flip Horizontally,PRE V VM,Flip,NM,FAILURE,N,V,NM,False,openFrameworks,5,15
b Flip Horizontally,PRE V VM,Horizontally,N,FAILURE,VM,VM,VM,True,openFrameworks,5,15
b Loop,PRE N,b,NM,N,N,PRE,NM,False,corenlp,1,16
b Loop,PRE N,Loop,N,N,N,N,N,True,corenlp,1,16
b Multi Fullscreen,PRE NM N,b,NM,N,N,PRE,NM,False,openFrameworks,5,17
b Multi Fullscreen,PRE NM N,Multi,NM,N,N,NM,NM,True,openFrameworks,5,17
b Multi Fullscreen,PRE NM N,Fullscreen,N,N,N,N,N,True,openFrameworks,5,17
b3 Push Profile Timing,PRE V NM N,b3,PRE,V,VBP,PRE,NM,False,bullet3,4,18
b3 Push Profile Timing,PRE V NM N,Push,D,N,N,V,N,False,bullet3,4,18
b3 Push Profile Timing,PRE V NM N,Profile,V,N,N,NM,V,False,bullet3,4,18
b3 Push Profile Timing,PRE V NM N,Timing,NM,FAILURE,N,N,N,True,bullet3,4,18
backprop Training,NM N,backprop,NM,N,NM,NM,NM,True,corenlp,5,19
backprop Training,NM N,Training,N,N,N,N,N,True,corenlp,5,19
base Category,NM N,base,NM,NM,V,NM,NM,True,corenlp,3,20
base Category,NM N,Category,N,N,N,N,N,True,corenlp,3,20
base transform,NM N,base,NM,N,N,NM,NM,True,bullet3,3,21
base transform,NM N,transform,N,V,V,N,V,False,bullet3,3,21
bean Configs,NM NPL,bean,NM,N,N,NM,NM,True,okhttp,1,22
bean Configs,NM NPL,Configs,N,N,NPL,NPL,NPL,True,okhttp,1,22
best Node,NM N,best,NM,NM,VM,NM,NM,True,corenlp,3,23
best Node,NM N,Node,N,N,N,N,N,True,corenlp,3,23
Binary Rule,NM N,Binary,NM,NM,NM,NM,NM,True,corenlp,2,24
Binary Rule,NM N,Rule,N,N,N,N,N,True,corenlp,2,24
Bitmap Data Size,NM NM N,Bitmap,NM,N,N,NM,NM,True,junit4,1,25
Bitmap Data Size,NM NM N,Data,NM,N,N,NM,NM,True,junit4,1,25
Bitmap Data Size,NM NM N,Size,N,N,N,N,N,True,junit4,1,25
bm log,NM N,bm,NM,N,N,NM,NM,True,junit4,1,26
bm log,NM N,log,N,N,N,N,N,True,junit4,1,26
breakpoint,N,breakpoint,N,N,N,N,N,True,corenlp,1,27
bt Collision Shape,PRE NM N,bt,NM,N,P,PRE,NM,False,bullet3,2,28
bt Collision Shape,PRE NM N,Collision,NM,N,N,NM,NM,True,bullet3,2,28
bt Collision Shape,PRE NM N,Shape,N,N,VBG,N,N,True,bullet3,2,28
bt Deformable Contact Constraint,PRE NM NM N,bt,NM,N,P,PRE,NM,False,bullet3,2,29
bt Deformable Contact Constraint,PRE NM NM N,Deformable,NM,NM,NM,NM,NM,True,bullet3,2,29
bt Deformable Contact Constraint,PRE NM NM N,Contact,NM,N,N,NM,NM,True,bullet3,2,29
bt Deformable Contact Constraint,PRE NM NM N,Constraint,N,N,N,N,N,True,bullet3,2,29
bt Material,PRE N,bt,NM,N,P,PRE,NM,False,bullet3,2,30
bt Material,PRE N,Material,N,N,N,N,N,True,bullet3,2,30
build minimized FA,V NM N,build,V,V,VBP,V,V,True,corenlp,4,31
build minimized FA,V NM N,minimized,NM,NM,VBN,NM,NM,True,corenlp,4,31
build minimized FA,V NM N,FA,N,N,N,N,N,True,corenlp,4,31
build sentence from tokens,V N P NPL,build,V,V,VBP,V,V,True,corenlp,4,32
build sentence from tokens,V N P NPL,sentence,N,N,N,N,N,True,corenlp,4,32
build sentence from tokens,V N P NPL,from,P,P,P,P,P,True,corenlp,4,32
build sentence from tokens,V N P NPL,tokens,N,N,NPL,NPL,NPL,True,corenlp,4,32
C At Background Color,PRE NM NM N,C,NM,FAILURE,N,PRE,N,False,openFrameworks,2,33
C At Background Color,PRE NM NM N,At,NM,FAILURE,P,NM,P,False,openFrameworks,2,33
C At Background Color,PRE NM NM N,Background,NM,FAILURE,N,NM,NM,True,openFrameworks,2,33
C At Background Color,PRE NM NM N,Color,N,FAILURE,N,N,N,True,openFrameworks,2,33
C At Font,PRE NM N,C,NM,FAILURE,N,PRE,N,False,openFrameworks,2,34
C At Font,PRE NM N,At,NM,FAILURE,P,NM,P,False,openFrameworks,2,34
C At Font,PRE NM N,Font,N,FAILURE,N,N,N,True,openFrameworks,2,34
C At Grayscale,PRE NM N,C,NM,FAILURE,N,PRE,N,False,openFrameworks,2,35
C At Grayscale,PRE NM N,At,NM,FAILURE,P,NM,P,False,openFrameworks,2,35
C At Grayscale,PRE NM N,Grayscale,N,FAILURE,N,N,N,True,openFrameworks,2,35
cache Body Unbuffered,NM N NM,cache,NM,N,N,NM,NM,True,okhttp,3,36
cache Body Unbuffered,NM N NM,Body,NM,N,N,N,NM,False,okhttp,3,36
cache Body Unbuffered,NM N NM,Unbuffered,N,N,N,NM,N,False,okhttp,3,36
Cache Control,NM N,Cache,NM,N,N,NM,NM,True,okhttp,2,37
Cache Control,NM N,Control,N,N,N,N,N,True,okhttp,2,37
Cache Strategy,NM N,Cache,NM,N,N,NM,NM,True,okhttp,2,38
Cache Strategy,NM N,Strategy,N,N,N,N,N,True,okhttp,2,38
call Id,NM N,call,NM,N,V,NM,NM,True,okhttp,5,39
call Id,NM N,Id,N,N,N,N,N,True,okhttp,5,39
cam Rot Z,NM NM N,cam,NM,N,V,NM,NM,True,bullet3,3,40
cam Rot Z,NM NM N,Rot,NM,N,N,NM,NM,True,bullet3,3,40
cam Rot Z,NM NM N,Z,N,N,N,N,N,True,bullet3,3,40
Category Filter Factory,NM NM N,Category,NM,N,N,NM,NM,True,junit4,2,41
Category Filter Factory,NM NM N,Filter,NM,N,N,NM,NM,True,junit4,2,41
Category Filter Factory,NM NM N,Factory,N,N,N,N,N,True,junit4,2,41
cause Matcher,NM N,cause,NM,N,V,NM,NM,True,junit4,5,42
cause Matcher,NM N,Matcher,N,N,N,N,N,True,junit4,5,42
certificate pinner,NM N,certificate,NM,N,N,NM,NM,True,okhttp,2,43
certificate pinner,NM N,pinner,N,N,N,N,N,True,okhttp,2,43
check permission,V N,check,V,V,VBP,V,V,True,junit4,4,44
check permission,V N,permission,N,N,N,N,N,True,junit4,4,44
check T,V N,check,V,V,VBP,V,V,True,junit4,4,45
check T,V N,T,N,N,N,N,N,True,junit4,4,45
child Categories,NM NPL,child,NM,N,N,NM,NM,True,junit4,3,46
child Categories,NM NPL,Categories,N,N,NPL,NPL,NPL,True,junit4,3,46
child joint,NM N,child,NM,N,N,NM,NM,True,bullet3,5,47
child joint,NM N,joint,N,N,N,N,N,True,bullet3,5,47
child Statement,NM N,child,NM,N,N,NM,NM,True,junit4,5,48
child Statement,NM N,Statement,N,N,N,N,N,True,junit4,5,48
Chinese Treebank Parser Params,NM NM NM NPL,Chinese,NM,NM,N,NM,NM,True,corenlp,2,49
Chinese Treebank Parser Params,NM NM NM NPL,Treebank,NM,N,N,NM,NM,True,corenlp,2,49
Chinese Treebank Parser Params,NM NM NM NPL,Parser,NM,N,N,NM,NM,True,corenlp,2,49
Chinese Treebank Parser Params,NM NM NM NPL,Params,N,N,N,NPL,N,False,corenlp,2,49
Cipher Suite,NM N,Cipher,NM,N,N,NM,NM,True,okhttp,2,50
Cipher Suite,NM N,Suite,N,N,N,N,N,True,okhttp,2,50
circle Mesh,NM N,circle,NM,N,N,NM,NM,True,openFrameworks,1,51
circle Mesh,NM N,Mesh,N,N,N,N,N,True,openFrameworks,1,51
client Certificates,NM NPL,client,NM,N,N,NM,NM,True,okhttp,3,52
client Certificates,NM NPL,Certificates,N,N,NPL,NPL,NPL,True,okhttp,3,52
client Number,NM N,client,NM,N,N,NM,NM,True,openFrameworks,1,53
client Number,NM N,Number,N,N,N,N,N,True,openFrameworks,1,53
Clock,N,Clock,N,N,N,N,N,True,openFrameworks,2,54
cmd Str,NM N,cmd,NM,N,N,NM,NM,True,corenlp,5,55
cmd Str,NM N,Str,N,N,N,N,N,True,corenlp,5,55
code Exception Message,NM NM N,code,NM,N,N,NM,NM,True,okhttp,3,56
code Exception Message,NM NM N,Exception,NM,N,N,NM,NM,True,okhttp,3,56
code Exception Message,NM NM N,Message,N,N,N,N,N,True,okhttp,3,56
col Length Left,NM NM N,col,NM,N,N,NM,NM,True,bullet3,3,57
col Length Left,NM NM N,Length,NM,N,N,NM,NM,True,bullet3,3,57
col Length Left,NM NM N,Left,N,N,VBN,N,N,True,bullet3,3,57
cone translation,NM N,cone,NM,N,N,NM,NM,True,openFrameworks,3,58
cone translation,NM N,translation,N,N,N,N,N,True,openFrameworks,3,58
Configure Timeouts,NM NPL,Configure,NM,N,N,NM,NM,True,okhttp,2,59
Configure Timeouts,NM NPL,Timeouts,N,N,N,NPL,N,False,okhttp,2,59
content Type String,NM NM N,content,NM,NM,N,NM,NM,True,okhttp,5,60
content Type String,NM NM N,Type,NM,N,N,NM,NM,True,okhttp,5,60
content Type String,NM NM N,String,N,N,N,N,N,True,okhttp,5,60
contours,NPL,contours,N,V,NPL,NPL,NPL,True,openFrameworks,1,61
convert bullet to grpc command,V N DT NM N,convert,V,V,VBP,V,V,True,bullet3,4,62
convert bullet to grpc command,V N DT NM N,bullet,N,N,N,N,N,True,bullet3,4,62
convert bullet to grpc command,V N DT NM N,to,P,P,P,DT,P,False,bullet3,4,62
convert bullet to grpc command,V N DT NM N,grpc,NM,N,NM,NM,NM,True,bullet3,4,62
convert bullet to grpc command,V N DT NM N,command,N,N,N,N,N,True,bullet3,4,62
convex Shapes,NM NPL,convex,NM,NM,N,NM,NM,True,bullet3,5,63
convex Shapes,NM NPL,Shapes,N,N,N,NPL,N,False,bullet3,5,63
cookie,N,cookie,N,N,N,N,N,True,okhttp,2,64
core,N,core,N,N,N,N,N,True,okhttp,1,65
credentials,NPL,credentials,N,N,NPL,NPL,NPL,True,okhttp,2,66
creds,NPL,creds,N,N,NPL,NPL,NPL,True,bullet3,1,67
CRF Non Linear Log Conditional Objective Function,NM NM NM NM NM NM N,CRF,NM,FAILURE,N,NM,N,False,corenlp,2,68
CRF Non Linear Log Conditional Objective Function,NM NM NM NM NM NM N,Non,NM,FAILURE,N,NM,NM,True,corenlp,2,68
CRF Non Linear Log Conditional Objective Function,NM NM NM NM NM NM N,Linear,NM,FAILURE,N,NM,NM,True,corenlp,2,68
CRF Non Linear Log Conditional Objective Function,NM NM NM NM NM NM N,Log,NM,FAILURE,N,NM,NM,True,corenlp,2,68
CRF Non Linear Log Conditional Objective Function,NM NM NM NM NM NM N,Conditional,NM,FAILURE,N,NM,NM,True,corenlp,2,68
CRF Non Linear Log Conditional Objective Function,NM NM NM NM NM NM N,Objective,NM,FAILURE,N,NM,NM,True,corenlp,2,68
CRF Non Linear Log Conditional Objective Function,NM NM NM NM NM NM N,Function,N,FAILURE,N,N,N,True,corenlp,2,68
curr Thread Exception,NM NM N,curr,NM,N,N,NM,NM,True,junit4,3,69
curr Thread Exception,NM NM N,Thread,NM,N,N,NM,NM,True,junit4,3,69
curr Thread Exception,NM NM N,Exception,N,N,N,N,N,True,junit4,3,69
data Buf,NM N,data,NM,N,N,NM,NM,True,openFrameworks,3,70
data Buf,NM N,Buf,N,N,N,N,N,True,openFrameworks,3,70
data Point Method,NM NM N,data,NM,N,NPL,NM,NM,True,junit4,5,71
data Point Method,NM NM N,Point,NM,N,N,NM,NM,True,junit4,5,71
data Point Method,NM NM N,Method,N,N,N,N,N,True,junit4,5,71
default open,NM N,default,NM,V,N,NM,V,False,bullet3,5,72
default open,NM N,open,N,N,NM,N,N,True,bullet3,5,72
delay agnostic enabled,NM N V,delay,NM,N,N,NM,NM,True,bullet3,1,73
delay agnostic enabled,NM N V,agnostic,NM,N,NM,N,NM,False,bullet3,1,73
delay agnostic enabled,NM N V,enabled,N,V,VBD,V,V,True,bullet3,1,73
dep H,NM N,dep,NM,N,V,NM,NM,True,corenlp,5,74
dep H,NM N,H,N,N,N,N,N,True,corenlp,5,74
depth cb,NM N,depth,NM,N,N,NM,NM,True,okhttp,1,75
depth cb,NM N,cb,N,N,N,N,N,True,okhttp,1,75
depth Stencil As Texture,NM N P N,depth,NM,FAILURE,N,NM,N,False,openFrameworks,1,76
depth Stencil As Texture,NM N P N,Stencil,NM,FAILURE,N,N,NM,False,openFrameworks,1,76
depth Stencil As Texture,NM N P N,As,NM,FAILURE,P,P,NM,False,openFrameworks,1,76
depth Stencil As Texture,NM N P N,Texture,N,FAILURE,N,N,N,True,openFrameworks,1,76
describe Mismatch Safely,V N NM,describe,V,FAILURE,VBP,V,V,True,junit4,4,77
describe Mismatch Safely,V N NM,Mismatch,NM,FAILURE,N,N,NM,False,junit4,4,77
describe Mismatch Safely,V N NM,Safely,N,FAILURE,N,NM,N,False,junit4,4,77
diff fd,NM N,diff,NM,N,N,NM,NM,True,bullet3,2,78
diff fd,NM N,fd,N,N,N,N,N,True,bullet3,2,78
Disk Lru Cache,NM NM N,Disk,NM,N,N,NM,NM,True,okhttp,2,79
Disk Lru Cache,NM NM N,Lru,NM,N,N,NM,NM,True,okhttp,2,79
Disk Lru Cache,NM NM N,Cache,N,N,N,N,N,True,okhttp,2,79
do Install Status,V NM N,do,V,V,VBP,V,V,True,bullet3,4,80
do Install Status,V NM N,Install,V,N,N,NM,V,False,bullet3,4,80
do Install Status,V NM N,Status,N,N,N,N,N,True,bullet3,4,80
Dynamic Textured Cube Demo,NM NM NM N,Dynamic,NM,NM,N,NM,NM,True,bullet3,2,81
Dynamic Textured Cube Demo,NM NM NM N,Textured,NM,NM,N,NM,NM,True,bullet3,2,81
Dynamic Textured Cube Demo,NM NM NM N,Cube,NM,N,N,NM,NM,True,bullet3,2,81
Dynamic Textured Cube Demo,NM NM NM N,Demo,N,N,N,N,N,True,bullet3,2,81
edit count,NM N,edit,NM,N,V,NM,NM,True,junit4,1,82
edit count,NM N,count,N,N,N,N,N,True,junit4,1,82
EGLEW ANDROID frame buffer target,PRE PRE NM NM N,EGLEW,NM,N,NM,PRE,NM,False,junit4,1,83
EGLEW ANDROID frame buffer target,PRE PRE NM NM N,ANDROID,NM,N,N,PRE,NM,False,junit4,1,83
EGLEW ANDROID frame buffer target,PRE PRE NM NM N,frame,NM,N,N,NM,NM,True,junit4,1,83
EGLEW ANDROID frame buffer target,PRE PRE NM NM N,buffer,NM,N,N,NM,NM,True,junit4,1,83
EGLEW ANDROID frame buffer target,PRE PRE NM NM N,target,N,N,N,N,N,True,junit4,1,83
eglew Create Platform Window Surface,PRE V NM NM N,eglew,NM,N,NPL,PRE,NM,False,openFrameworks,1,84
eglew Create Platform Window Surface,PRE V NM NM N,Create,NM,N,VBP,V,NM,False,openFrameworks,1,84
eglew Create Platform Window Surface,PRE V NM NM N,Platform,NM,N,N,NM,NM,True,openFrameworks,1,84
eglew Create Platform Window Surface,PRE V NM NM N,Window,NM,N,N,NM,NM,True,openFrameworks,1,84
eglew Create Platform Window Surface,PRE V NM NM N,Surface,N,N,N,N,N,True,openFrameworks,1,84
enable Materials,V NPL,enable,V,V,VBP,V,V,True,okhttp,4,85
enable Materials,V NPL,Materials,N,N,NPL,NPL,NPL,True,okhttp,4,85
encoded Path Segments,NM NM NPL,encoded,NM,N,VBN,NM,NM,True,okhttp,1,86
encoded Path Segments,NM NM NPL,Path,NM,N,N,NM,NM,True,okhttp,1,86
encoded Path Segments,NM NM NPL,Segments,N,N,NPL,NPL,NPL,True,okhttp,1,86
encoded Values,NM NPL,encoded,NM,N,VBN,NM,NM,True,okhttp,5,87
encoded Values,NM NPL,Values,N,N,NPL,NPL,NPL,True,okhttp,5,87
enum Count,NM N,enum,NM,N,N,NM,NM,True,junit4,3,88
enum Count,NM N,Count,N,N,N,N,N,True,junit4,3,88
equals Offset,NM N,equals,NM,N,VBZ,NM,NM,True,okhttp,3,89
equals Offset,NM N,Offset,N,N,N,N,N,True,okhttp,3,89
exception Channels,NM NPL,exception,NM,N,N,NM,NM,True,openFrameworks,1,90
exception Channels,NM NPL,Channels,N,N,NPL,NPL,NPL,True,openFrameworks,1,90
expand Headers From Request,V NPL P N,expand,V,V,VBP,V,V,True,corenlp,4,91
expand Headers From Request,V NPL P N,Headers,N,N,NPL,NPL,NPL,True,corenlp,4,91
expand Headers From Request,V NPL P N,From,P,P,P,P,P,True,corenlp,4,91
expand Headers From Request,V NPL P N,Request,N,N,N,N,N,True,corenlp,4,91
Expected Exception,NM N,Expected,NM,NM,N,NM,NM,True,junit4,2,92
Expected Exception,NM N,Exception,N,N,N,N,N,True,junit4,2,92
expected String,NM N,expected,NM,NM,VBN,NM,NM,True,junit4,3,93
expected String,NM N,String,N,N,N,N,N,True,junit4,3,93
f context length,NM NM N,f,NM,N,N,NM,NM,True,junit4,1,94
f context length,NM NM N,context,NM,N,N,NM,NM,True,junit4,1,94
f context length,NM NM N,length,N,N,N,N,N,True,junit4,1,94
f Ptr Out,PRE NM N,f,NM,FAILURE,N,PRE,N,False,openFrameworks,3,95
f Ptr Out,PRE NM N,Ptr,NM,FAILURE,N,NM,NM,True,openFrameworks,3,95
f Ptr Out,PRE NM N,Out,N,FAILURE,VM,N,VM,False,openFrameworks,3,95
factory Class,NM N,factory,NM,N,N,NM,NM,True,junit4,3,96
factory Class,NM N,Class,N,N,N,N,N,True,junit4,3,96
failed Assumptions With Message,V NPL P N,failed,V,FAILURE,VBD,V,V,True,junit4,4,97
failed Assumptions With Message,V NPL P N,Assumptions,N,FAILURE,NPL,NPL,NPL,True,junit4,4,97
failed Assumptions With Message,V NPL P N,With,P,FAILURE,P,P,P,True,junit4,4,97
failed Assumptions With Message,V NPL P N,Message,N,FAILURE,N,N,N,True,junit4,4,97
file Channel,NM N,file,NM,N,V,NM,NM,True,okhttp,5,98
file Channel,NM N,Channel,N,N,N,N,N,True,okhttp,5,98
File Operator,NM N,File,NM,N,V,NM,NM,True,okhttp,2,99
File Operator,NM N,Operator,N,N,N,N,N,True,okhttp,2,99
filter Spec,NM N,filter,NM,N,N,NM,NM,True,junit4,3,100
filter Spec,NM N,Spec,N,N,N,N,N,True,junit4,3,100
find syntactic head,V NM N,find,V,V,VBP,V,V,True,corenlp,4,101
find syntactic head,V NM N,syntactic,NM,NM,NM,NM,NM,True,corenlp,4,101
find syntactic head,V NM N,head,N,N,N,N,N,True,corenlp,4,101
Firmata I2C Data,NM NM NPL,Firmata,NM,N,N,NM,NM,True,openFrameworks,2,102
Firmata I2C Data,NM NM NPL,I2C,NM,N,N,NM,NM,True,openFrameworks,2,102
Firmata I2C Data,NM NM NPL,Data,N,N,NPL,NPL,NPL,True,openFrameworks,2,102
first Space,NM N,first,NM,NM,VM,NM,NM,True,okhttp,3,103
first Space,NM N,Space,N,N,N,N,N,True,okhttp,3,103
flag,N,flag,N,N,N,N,N,True,bullet3,1,104
flags Classifier Pair,NM NM N,flags,NM,N,NPL,NM,NM,True,corenlp,5,105
flags Classifier Pair,NM NM N,Classifier,NM,N,N,NM,NM,True,corenlp,5,105
flags Classifier Pair,NM NM N,Pair,N,N,N,N,N,True,corenlp,5,105
folder Names,NM NPL,folder,NM,N,N,NM,NM,True,openFrameworks,5,106
folder Names,NM NPL,Names,N,N,NPL,NPL,NPL,True,openFrameworks,5,106
follow Component,V N,follow,V,V,VBP,V,V,True,corenlp,4,107
follow Component,V N,Component,N,N,N,N,N,True,corenlp,4,107
followUp,N,followUp,N,N,N,N,N,True,okhttp,3,108
force network,NM N,force,NM,N,N,NM,NM,True,okhttp,1,109
force network,NM N,network,N,N,N,N,N,True,okhttp,1,109
free Positions,NM NPL,free,NM,NM,NM,NM,NM,True,corenlp,3,110
free Positions,NM NPL,Positions,N,N,NPL,NPL,NPL,True,corenlp,3,110
free texture,NM N,free,NM,NM,NM,NM,NM,True,bullet3,1,111
free texture,NM N,texture,N,N,N,N,N,True,bullet3,1,111
from Local Aabb Min,P NM NM N,from,NM,P,P,P,N,False,bullet3,3,112
from Local Aabb Min,P NM NM N,Local,NM,NM,N,NM,NM,True,bullet3,3,112
from Local Aabb Min,P NM NM N,Aabb,NM,N,N,NM,NM,True,bullet3,3,112
from Local Aabb Min,P NM NM N,Min,N,N,N,N,N,True,bullet3,3,112
Geometry Interface,NM N,Geometry,NM,N,N,NM,NM,True,bullet3,2,113
Geometry Interface,NM N,Interface,N,N,N,N,N,True,bullet3,2,113
get children,V NPL,get,V,V,VBP,V,V,True,openFrameworks,4,114
get children,V NPL,children,N,N,NPL,NPL,NPL,True,openFrameworks,4,114
get Controller Transform,V NM N,get,V,V,VBP,V,V,True,corenlp,4,115
get Controller Transform,V NM N,Controller,NM,N,N,NM,NM,True,corenlp,4,115
get Controller Transform,V NM N,Transform,N,N,N,N,N,True,corenlp,4,115
get Declared Methods,V NM NPL,get,V,V,VBP,V,V,True,junit4,4,116
get Declared Methods,V NM NPL,Declared,NM,NM,NM,NM,NM,True,junit4,4,116
get Declared Methods,V NM NPL,Methods,N,N,NPL,NPL,NPL,True,junit4,4,116
get Diffuse Colour,V NM N,get,V,V,VBP,V,V,True,junit4,4,117
get Diffuse Colour,V NM N,Diffuse,NM,NM,N,NM,NM,True,junit4,4,117
get Diffuse Colour,V NM N,Colour,N,N,N,N,N,True,junit4,4,117
get down sampling rate,V NM NM N,get,V,V,VBP,V,V,True,corenlp,4,118
get down sampling rate,V NM NM N,down,NM,P,N,NM,V,False,corenlp,4,118
get down sampling rate,V NM NM N,sampling,NM,N,N,NM,NM,True,corenlp,4,118
get down sampling rate,V NM NM N,rate,N,N,N,N,N,True,corenlp,4,118
get Id For Name,V N P N,get,V,V,VBP,V,V,True,junit4,4,119
get Id For Name,V N P N,Id,N,N,N,N,N,True,junit4,4,119
get Id For Name,V N P N,For,P,P,P,P,P,True,junit4,4,119
get Id For Name,V N P N,Name,N,N,N,N,N,True,junit4,4,119
get Initial Window Size,V NM NM N,get,V,V,VBP,V,V,True,bullet3,4,120
get Initial Window Size,V NM NM N,Initial,NM,NM,NM,NM,NM,True,bullet3,4,120
get Initial Window Size,V NM NM N,Window,NM,N,N,NM,NM,True,bullet3,4,120
get Initial Window Size,V NM NM N,Size,N,N,N,N,N,True,bullet3,4,120
get Jf,V N,get,V,V,VBP,V,V,True,bullet3,4,121
get Jf,V N,Jf,N,N,N,N,N,True,bullet3,4,121
get label,V N,get,V,V,VBP,V,V,True,corenlp,4,122
get label,V N,label,N,N,N,N,N,True,corenlp,4,122
Get Longitude,V N,Get,V,V,VBP,V,V,True,okhttp,4,123
Get Longitude,V N,Longitude,N,N,N,N,N,True,okhttp,4,123
get Max Shingle Diff,V NM NM N,get,V,V,VBP,V,V,True,openFrameworks,4,124
get Max Shingle Diff,V NM NM N,Max,NM,N,N,NM,NM,True,openFrameworks,4,124
get Max Shingle Diff,V NM NM N,Shingle,NM,N,N,NM,NM,True,openFrameworks,4,124
get Max Shingle Diff,V NM NM N,Diff,N,N,N,N,N,True,openFrameworks,4,124
get Message,V N,get,V,V,VBP,V,V,True,junit4,4,125
get Message,V N,Message,N,N,N,N,N,True,junit4,4,125
get Number Of Transitions,V N P NPL,get,V,V,VBP,V,V,True,okhttp,4,126
get Number Of Transitions,V N P NPL,Number,N,N,N,N,N,True,okhttp,4,126
get Number Of Transitions,V N P NPL,Of,P,P,P,P,P,True,okhttp,4,126
get Number Of Transitions,V N P NPL,Transitions,N,N,NPL,NPL,NPL,True,okhttp,4,126
get PID No Exceptions,V N DT NPL,get,V,V,VBP,V,V,True,openFrameworks,4,127
get PID No Exceptions,V N DT NPL,PID,NM,N,N,N,NM,False,openFrameworks,4,127
get PID No Exceptions,V N DT NPL,No,DT,NM,N,DT,DT,True,openFrameworks,4,127
get PID No Exceptions,V N DT NPL,Exceptions,N,N,NPL,NPL,NPL,True,openFrameworks,4,127
get Protocol Method,NM NM N,get,NM,N,V,NM,NM,True,okhttp,5,128
get Protocol Method,NM NM N,Protocol,NM,N,N,NM,NM,True,okhttp,5,128
get Protocol Method,NM NM N,Method,N,N,N,N,N,True,okhttp,5,128
get Raw Arguments,V NM NPL,get,V,V,VBP,V,V,True,openFrameworks,4,129
get Raw Arguments,V NM NPL,Raw,NM,NM,N,NM,NM,True,openFrameworks,4,129
get Raw Arguments,V NM NPL,Arguments,N,N,NPL,NPL,NPL,True,openFrameworks,4,129
GET SOURCE NAME,NM NM N,GET,NM,N,V,NM,NM,True,corenlp,1,130
GET SOURCE NAME,NM NM N,SOURCE,NM,N,N,NM,NM,True,corenlp,1,130
GET SOURCE NAME,NM NM N,NAME,N,N,N,N,N,True,corenlp,1,130
get start states,V NM NPL,get,V,V,VBP,V,V,True,corenlp,4,131
get start states,V NM NPL,start,NM,N,N,NM,NM,True,corenlp,4,131
get start states,V NM NPL,states,N,N,NPL,NPL,NPL,True,corenlp,4,131
global Scope,NM N,global,NM,NM,NM,NM,NM,True,junit4,4,132
global Scope,NM N,Scope,N,N,N,N,N,True,junit4,4,132
glyph ID,NM N,glyph,NM,N,V,NM,NM,True,bullet3,3,133
glyph ID,NM N,ID,N,N,N,N,N,True,bullet3,3,133
H pack,NM N,H,NM,N,N,NM,NM,True,okhttp,2,134
H pack,NM N,pack,N,N,N,N,N,True,okhttp,2,134
H Wnd,N NM,H,NM,N,N,N,NM,False,corenlp,1,135
H Wnd,N NM,Wnd,N,N,N,NM,N,False,corenlp,1,135
headers,NPL,headers,N,N,NPL,NPL,NPL,True,okhttp,5,136
Http1 Exchange Codec,NM NM N,Http1,NM,N,N,NM,NM,True,okhttp,2,137
Http1 Exchange Codec,NM NM N,Exchange,NM,N,N,NM,NM,True,okhttp,2,137
Http1 Exchange Codec,NM NM N,Codec,NM,N,N,N,N,True,okhttp,2,137
http2 Error Code,NM NM N,http2,NM,N,N,NM,NM,True,okhttp,5,138
http2 Error Code,NM NM N,Error,NM,N,N,NM,NM,True,okhttp,5,138
http2 Error Code,NM NM N,Code,NM,N,N,N,N,True,okhttp,5,138
i ar e,NM NM N,i,NM,NM,N,NM,NM,True,junit4,5,139
i ar e,NM NM N,ar,NM,N,N,NM,NM,True,junit4,5,139
i ar e,NM NM N,e,N,N,N,N,N,True,junit4,5,139
ID LUMNINANCE MIN,NM NM N,ID,NM,N,N,NM,NM,True,openFrameworks,1,140
ID LUMNINANCE MIN,NM NM N,LUMNINANCE,NM,N,N,NM,NM,True,openFrameworks,1,140
ID LUMNINANCE MIN,NM NM N,MIN,N,N,N,N,N,True,openFrameworks,1,140
id Mention,N NM,id,NM,N,P,N,NM,False,corenlp,3,141
id Mention,N NM,Mention,N,N,N,NM,N,False,corenlp,3,141
image,N,image,N,N,N,N,N,True,openFrameworks,3,142
img Type,NM N,img,NM,N,N,NM,NM,True,openFrameworks,3,143
img Type,NM N,Type,N,N,N,N,N,True,openFrameworks,3,143
in,N,in,N,FAILURE,P,N,N,True,bullet3,5,144
in buffer,NM N,in,NM,P,P,NM,NM,True,openFrameworks,5,145
in buffer,NM N,buffer,N,N,N,N,N,True,openFrameworks,5,145
in Order Wrapped Verification Mode,P N NM NM N,in,NM,P,P,P,P,True,bullet3,1,146
in Order Wrapped Verification Mode,P N NM NM N,Order,NM,N,N,N,NM,False,bullet3,1,146
in Order Wrapped Verification Mode,P N NM NM N,Wrapped,NM,NM,N,NM,NM,True,bullet3,1,146
in Order Wrapped Verification Mode,P N NM NM N,Verification,NM,N,N,NM,NM,True,bullet3,1,146
in Order Wrapped Verification Mode,P N NM NM N,Mode,N,N,N,N,N,True,bullet3,1,146
inbound,NM,inbound,N,NM,NM,NM,N,False,okhttp,5,147
includes New,NM NM,includes,NM,V,VBZ,NM,V,False,openFrameworks,3,148
includes New,NM NM,New,N,NM,N,NM,N,False,openFrameworks,3,148
inertial Frame,NM N,inertial,NM,NM,NM,NM,NM,True,bullet3,3,149
inertial Frame,NM N,Frame,N,N,N,N,N,True,bullet3,3,149
inet Socket Address,NM NM N,inet,NM,N,V,NM,NM,True,corenlp,1,150
inet Socket Address,NM NM N,Socket,NM,N,N,NM,NM,True,corenlp,1,150
inet Socket Address,NM NM N,Address,N,N,N,N,N,True,corenlp,1,150
initial delay milliseconds,NM NM NPL,initial,NM,NM,NM,NM,NM,True,openFrameworks,5,151
initial delay milliseconds,NM NM NPL,delay,NM,N,N,NM,NM,True,openFrameworks,5,151
initial delay milliseconds,NM NM NPL,milliseconds,N,N,NPL,NPL,NPL,True,openFrameworks,5,151
int Hex String,NM NM N,int,NM,N,V,NM,NM,True,openFrameworks,5,152
int Hex String,NM NM N,Hex,NM,NM,N,NM,NM,True,openFrameworks,5,152
int Hex String,NM NM N,String,N,N,N,N,N,True,openFrameworks,5,152
Internal,NM,Internal,N,NM,N,NM,NM,True,okhttp,2,153
INVALID,NM,INVALID,N,N,NM,NM,NM,True,bullet3,1,154
Inverse Dynamics Example,NM NM N,Inverse,NM,NM,N,NM,NM,True,bullet3,2,155
Inverse Dynamics Example,NM NM N,Dynamics,NM,N,N,NM,NM,True,bullet3,2,155
Inverse Dynamics Example,NM NM N,Example,N,N,N,N,N,True,bullet3,2,155
IS FIRST CAPITAL,V NM N,IS,NM,N,VBZ,V,V,True,junit4,1,156
IS FIRST CAPITAL,V NM N,FIRST,NM,NM,N,NM,NM,True,junit4,1,156
IS FIRST CAPITAL,V NM N,CAPITAL,N,N,N,N,N,True,junit4,1,156
is Node A Left Child Leaf,V N DT NM NM N,is,NM,FAILURE,VBZ,V,V,True,bullet3,3,157
is Node A Left Child Leaf,V N DT NM NM N,Node,NM,FAILURE,N,N,NM,False,bullet3,3,157
is Node A Left Child Leaf,V N DT NM NM N,A,NM,FAILURE,N,DT,NM,False,bullet3,3,157
is Node A Left Child Leaf,V N DT NM NM N,Left,NM,FAILURE,VBD,NM,NM,True,bullet3,3,157
is Node A Left Child Leaf,V N DT NM NM N,Child,NM,FAILURE,N,NM,NM,True,bullet3,3,157
is Node A Left Child Leaf,V N DT NM NM N,Leaf,N,FAILURE,N,N,N,True,bullet3,3,157
Is Return Bridged,V N NM,Is,NM,V,VBZ,V,V,True,corenlp,1,158
Is Return Bridged,V N NM,Return,NM,N,N,N,NM,False,corenlp,1,158
Is Return Bridged,V N NM,Bridged,N,V,N,NM,N,False,corenlp,1,158
JFlex Dummy Lexer,PRE NM N,JFlex,NM,N,N,PRE,NM,False,corenlp,2,159
JFlex Dummy Lexer,PRE NM N,Dummy,NM,NM,N,NM,NM,True,corenlp,2,159
JFlex Dummy Lexer,PRE NM N,Lexer,N,N,N,N,N,True,corenlp,2,159
keep Aspect,V N,keep,NM,V,V,V,V,True,corenlp,1,160
keep Aspect,V N,Aspect,N,N,N,N,N,True,corenlp,1,160
key Begin,NM N,key,NM,NM,NM,NM,NM,True,okhttp,3,161
key Begin,NM N,Begin,N,N,N,N,N,True,okhttp,3,161
key Events Copy,NM NM N,key,NM,NM,NM,NM,NM,True,openFrameworks,3,162
key Events Copy,NM NM N,Events,NM,N,NPL,NM,NPL,False,openFrameworks,3,162
key Events Copy,NM NM N,Copy,N,N,VBP,N,N,True,openFrameworks,3,162
key with newline not permitted,N P N VM V,key,NM,V,VBP,N,V,False,okhttp,4,163
key with newline not permitted,N P N VM V,with,NM,P,P,P,P,True,okhttp,4,163
key with newline not permitted,N P N VM V,newline,NM,N,N,N,NM,False,okhttp,4,163
key with newline not permitted,N P N VM V,not,DT,N,VM,VM,V,False,okhttp,4,163
key with newline not permitted,N P N VM V,permitted,P,N,VBN,V,N,False,okhttp,4,163
kinects Copy,NM N,kinects,NM,N,NPL,NM,NPL,False,openFrameworks,3,164
kinects Copy,NM N,Copy,N,N,VBP,N,N,True,openFrameworks,3,164
label Regex,NM N,label,NM,N,V,NM,NM,True,junit4,1,165
label Regex,NM N,Regex,N,N,N,N,N,True,junit4,1,165
labels File,NM N,labels,NM,N,VBZ,NM,NM,True,corenlp,5,166
labels File,NM N,File,N,N,N,N,N,True,corenlp,5,166
last Gradient,NM N,last,DT,V,NM,NM,NM,True,corenlp,4,167
last Gradient,NM N,Gradient,N,N,N,N,N,True,corenlp,4,167
LATENCY ARG,NM N,LATENCY,NM,N,N,NM,NM,True,junit4,1,168
LATENCY ARG,NM N,ARG,N,N,N,N,N,True,junit4,1,168
learned Lop Expert Weights 2 D,NM NM NM NPL D N,learned,NM,NM,VBD,NM,NM,True,corenlp,5,169
learned Lop Expert Weights 2 D,NM NM NM NPL D N,Lop,NM,N,N,NM,NM,True,corenlp,5,169
learned Lop Expert Weights 2 D,NM NM NM NPL D N,Expert,NM,NM,N,NM,NM,True,corenlp,5,169
learned Lop Expert Weights 2 D,NM NM NM NPL D N,Weights,NM,N,N,NPL,NM,False,corenlp,5,169
learned Lop Expert Weights 2 D,NM NM NM NPL D N,2,NM,NM,D,D,D,True,corenlp,5,169
learned Lop Expert Weights 2 D,NM NM NM NPL D N,D,N,N,N,N,N,True,corenlp,5,169
left Sisters Buffer,NM NM N,left,NM,NM,VBN,NM,NM,True,corenlp,3,170
left Sisters Buffer,NM NM N,Sisters,NM,N,NPL,NM,NPL,False,corenlp,3,170
left Sisters Buffer,NM NM N,Buffer,N,N,N,N,N,True,corenlp,3,170
len r,NM N,len,NM,N,N,NM,NM,True,bullet3,5,171
len r,NM N,r,N,N,N,N,N,True,bullet3,5,171
Less Dummy Gui Helper,NM NM NM N,Less,DT,NM,VM,NM,NM,True,bullet3,2,172
Less Dummy Gui Helper,NM NM NM N,Dummy,NM,NM,N,NM,NM,True,bullet3,2,172
Less Dummy Gui Helper,NM NM NM N,Gui,NM,N,N,NM,NM,True,bullet3,2,172
Less Dummy Gui Helper,NM NM NM N,Helper,N,N,N,N,N,True,bullet3,2,172
LOGGER,N,LOGGER,N,N,N,N,N,True,openFrameworks,1,173
m angle,PRE N,m,NM,NM,N,PRE,PRE,True,bullet3,1,174
m angle,PRE N,angle,N,N,N,N,N,True,bullet3,1,174
m contact Motion 1,PRE NM N D,m,NM,NM,N,PRE,PRE,True,okhttp,1,175
m contact Motion 1,PRE NM N D,contact,NM,N,N,NM,NM,True,okhttp,1,175
m contact Motion 1,PRE NM N D,Motion,NM,N,N,N,NM,False,okhttp,1,175
m contact Motion 1,PRE NM N D,1,N,N,D,D,D,True,okhttp,1,175
m FBO Height,PRE NM N,m,NM,NM,N,PRE,PRE,True,junit4,1,176
m FBO Height,PRE NM N,FBO,NM,N,N,NM,NM,True,junit4,1,176
m FBO Height,PRE NM N,Height,N,N,N,N,N,True,junit4,1,176
m is indx present,PRE V NM N,m,NM,V,N,PRE,N,False,junit4,1,177
m is indx present,PRE V NM N,is,NM,N,VBZ,V,V,True,junit4,1,177
m is indx present,PRE V NM N,indx,NM,N,VM,NM,V,False,junit4,1,177
m is indx present,PRE V NM N,present,N,FAILURE,NM,N,N,True,junit4,1,177
m Line Dash Offset,PRE NM NM N,m,NM,NM,N,PRE,PRE,True,corenlp,1,178
m Line Dash Offset,PRE NM NM N,Line,NM,N,N,NM,NM,True,corenlp,1,178
m Line Dash Offset,PRE NM NM N,Dash,NM,N,N,NM,NM,True,corenlp,1,178
m Line Dash Offset,PRE NM NM N,Offset,N,N,N,N,N,True,corenlp,1,178
m origin,PRE N,m,NM,NM,N,PRE,NM,False,bullet3,3,179
m origin,PRE N,origin,N,N,FAILURE,N,N,True,bullet3,3,179
m Preview Started,PRE N NM,m,NM,NM,N,PRE,PRE,True,bullet3,1,180
m Preview Started,PRE N NM,Preview,NM,N,N,N,NM,False,bullet3,1,180
m Preview Started,PRE N NM,Started,N,V,VBD,NM,V,False,bullet3,1,180
m Sky Box Orientation,PRE NM NM N,m,NM,NM,N,PRE,PRE,True,openFrameworks,1,181
m Sky Box Orientation,PRE NM NM N,Sky,NM,N,N,NM,NM,True,openFrameworks,1,181
m Sky Box Orientation,PRE NM NM N,Box,NM,N,N,NM,NM,True,openFrameworks,1,181
m Sky Box Orientation,PRE NM NM N,Orientation,N,N,N,N,N,True,openFrameworks,1,181
m transform Change Args,PRE NM NM NPL,m,NM,NM,N,PRE,PRE,True,okhttp,1,182
m transform Change Args,PRE NM NM NPL,transform,NM,N,V,NM,NM,True,okhttp,1,182
m transform Change Args,PRE NM NM NPL,Change,NM,N,N,NM,NM,True,okhttp,1,182
m transform Change Args,PRE NM NM NPL,Args,N,N,N,NPL,N,False,okhttp,1,182
make extractor,V N,make,V,V,VBP,V,V,True,corenlp,4,183
make extractor,V N,extractor,N,N,N,N,N,True,corenlp,4,183
map json adapter,V NM N,map,NM,N,N,V,NM,False,okhttp,1,184
map json adapter,V NM N,json,NM,N,N,NM,NM,True,okhttp,1,184
map json adapter,V NM N,adapter,N,N,N,N,N,True,okhttp,1,184
Maps,NPL,Maps,N,N,NPL,NPL,NPL,True,corenlp,2,185
max Age Seconds Long,NM NM NPL NM,max,NM,N,V,NM,NM,True,okhttp,3,186
max Age Seconds Long,NM NM NPL NM,Age,NM,N,N,NM,NM,True,okhttp,3,186
max Age Seconds Long,NM NM NPL NM,Seconds,NM,N,N,NPL,NM,False,okhttp,3,186
max Age Seconds Long,NM NM NPL NM,Long,N,NM,N,NM,N,False,okhttp,3,186
Max Core,NM N,Max,NM,N,N,NM,NM,True,junit4,2,187
Max Core,NM N,Core,N,N,N,N,N,True,junit4,2,187
max File Open,NM N NM,max,NM,N,V,NM,NM,True,okhttp,1,188
max File Open,NM N NM,File,NM,N,N,N,NM,False,okhttp,1,188
max File Open,NM N NM,Open,N,N,N,NM,N,False,okhttp,1,188
max Intermediate Cas,NM NM NPL,max,NM,N,V,NM,NM,True,okhttp,5,189
max Intermediate Cas,NM NM NPL,Intermediate,NM,NM,N,NM,NM,True,okhttp,5,189
max Intermediate Cas,NM NM NPL,Cas,N,N,N,NPL,N,False,okhttp,5,189
max Num Pixels,NM NM NPL,max,NM,N,N,NM,NM,True,bullet3,3,190
max Num Pixels,NM NM NPL,Num,NM,N,N,NM,NM,True,bullet3,3,190
max Num Pixels,NM NM NPL,Pixels,N,N,NPL,NPL,NPL,True,bullet3,3,190
max Requests Per Host,NM NPL P N,max,NM,N,N,NM,NM,True,okhttp,5,191
max Requests Per Host,NM NPL P N,Requests,NM,N,NPL,NPL,NM,False,okhttp,5,191
max Requests Per Host,NM NPL P N,Per,NM,N,P,P,P,True,okhttp,5,191
max Requests Per Host,NM NPL P N,Host,N,N,N,N,N,True,okhttp,5,191
Mention Detection Evaluator,NM NM N,Mention,NM,N,N,NM,NM,True,corenlp,2,192
Mention Detection Evaluator,NM NM N,Detection,NM,N,N,NM,NM,True,corenlp,2,192
Mention Detection Evaluator,NM NM N,Evaluator,N,N,N,N,N,True,corenlp,2,192
mesh scale,NM N,mesh,NM,N,V,NM,NM,True,bullet3,5,193
mesh scale,NM N,scale,N,N,N,N,N,True,bullet3,5,193
message,N,message,N,N,N,N,N,True,okhttp,5,194
method Name Prefixes,NM NM NPL,method,NM,N,N,NM,NM,True,junit4,5,195
method Name Prefixes,NM NM NPL,Name,NM,N,N,NM,NM,True,junit4,5,195
method Name Prefixes,NM NM NPL,Prefixes,N,N,NPL,NPL,NPL,True,junit4,5,195
Method Sorter,NM N,Method,NM,N,N,NM,NM,True,junit4,2,196
Method Sorter,NM N,Sorter,N,N,N,N,N,True,junit4,2,196
min Fresh,NM N,min,NM,N,N,NM,NM,True,okhttp,5,197
min Fresh,NM N,Fresh,N,NM,NM,N,N,True,okhttp,5,197
min Fresh Seconds,NM NM NPL,min,NM,N,N,NM,NM,True,okhttp,5,198
min Fresh Seconds,NM NM NPL,Fresh,NM,NM,NM,NM,NM,True,okhttp,5,198
min Fresh Seconds,NM NM NPL,Seconds,N,N,NPL,NPL,NPL,True,okhttp,5,198
minimized Random FA,NM NM N,minimized,NM,NM,VBN,NM,NM,True,corenlp,3,199
minimized Random FA,NM NM N,Random,NM,NM,N,NM,NM,True,corenlp,3,199
minimized Random FA,NM NM N,FA,N,N,N,N,N,True,corenlp,3,199
move RBT surgeon,NM NM N,move,NM,N,V,NM,NM,True,corenlp,1,200
move RBT surgeon,NM NM N,RBT,NM,N,N,NM,NM,True,corenlp,1,200
move RBT surgeon,NM NM N,surgeon,N,N,N,N,N,True,corenlp,1,200
movie Media Handler,NM NM N,movie,NM,N,N,NM,NM,True,openFrameworks,3,201
movie Media Handler,NM NM N,Media,NM,N,N,NM,NM,True,openFrameworks,3,201
movie Media Handler,NM NM N,Handler,N,N,N,N,N,True,openFrameworks,3,201
mpg123 read file,PRE NM N,mpg123,V,V,VBP,PRE,V,False,openFrameworks,4,202
mpg123 read file,PRE NM N,read,D,N,N,NM,N,False,openFrameworks,4,202
mpg123 read file,PRE NM N,file,NM,FAILURE,N,N,N,True,openFrameworks,4,202
mt,N,mt,N,N,N,N,N,True,bullet3,3,203
multipart body,NM N,multipart,NM,N,NM,NM,NM,True,okhttp,2,204
multipart body,NM N,body,N,N,N,N,N,True,okhttp,2,204
Multiple Failure Exception,NM NM N,Multiple,NM,NM,NM,NM,NM,True,junit4,2,205
Multiple Failure Exception,NM NM N,Failure,NM,N,N,NM,NM,True,junit4,2,205
Multiple Failure Exception,NM NM N,Exception,N,N,N,N,N,True,junit4,2,205
multiply in front,V P N,multiply,V,V,VBP,V,V,True,corenlp,4,206
multiply in front,V P N,in,P,P,P,P,P,True,corenlp,4,206
multiply in front,V P N,front,N,N,N,N,N,True,corenlp,4,206
mx Bean,NM N,mx,NM,N,P,NM,NM,True,junit4,3,207
mx Bean,NM N,Bean,N,N,N,N,N,True,junit4,3,207
n Shininess,NM N,n,NM,N,N,NM,NM,True,openFrameworks,5,208
n Shininess,NM N,Shininess,N,N,N,N,N,True,openFrameworks,5,208
nav visible,N V,nav,NM,N,N,N,NM,False,bullet3,1,209
nav visible,N V,visible,N,NM,NM,V,N,False,bullet3,1,209
network Security Policy,NM NM N,network,NM,N,N,NM,NM,True,okhttp,3,210
network Security Policy,NM NM N,Security,NM,N,N,NM,NM,True,okhttp,3,210
network Security Policy,NM NM N,Policy,N,N,N,N,N,True,okhttp,3,210
new Files,NM NPL,new,NM,NM,NM,NM,NM,True,corenlp,5,211
new Files,NM NPL,Files,N,N,NPL,NPL,NPL,True,corenlp,5,211
notify Touch Down,V NM N,notify,V,V,VBP,V,V,True,bullet3,4,212
notify Touch Down,V NM N,Touch,V,N,N,NM,V,False,bullet3,4,212
notify Touch Down,V NM N,Down,N,P,N,N,P,False,bullet3,4,212
nullable Class,NM N,nullable,NM,NM,NM,NM,NM,True,junit4,5,213
nullable Class,NM N,Class,N,N,N,N,N,True,junit4,5,213
nulls Ok,NPL NM,nulls,NM,N,NPL,NPL,NPL,True,openFrameworks,4,214
nulls Ok,NPL NM,Ok,N,NM,VBP,NM,V,False,openFrameworks,4,214
num Active Contexts,NM NM NPL,num,NM,N,N,NM,NM,True,bullet3,5,215
num Active Contexts,NM NM NPL,Active,NM,NM,NM,NM,NM,True,bullet3,5,215
num Active Contexts,NM NM NPL,Contexts,N,N,NPL,NPL,NPL,True,bullet3,5,215
num axis events,NM NM NPL,num,NM,N,N,NM,NM,True,openFrameworks,1,216
num axis events,NM NM NPL,axis,NM,N,N,NM,NM,True,openFrameworks,1,216
num axis events,NM NM NPL,events,N,N,NPL,NPL,NPL,True,openFrameworks,1,216
num cols,NM NPL,num,NM,N,N,NM,NM,True,okhttp,1,217
num cols,NM NPL,cols,N,N,NPL,NPL,NPL,True,okhttp,1,217
num Files,NM NPL,num,NM,N,N,NM,NM,True,openFrameworks,5,218
num Files,NM NPL,Files,N,N,NPL,NPL,NPL,True,openFrameworks,5,218
num Keys,NM NPL,num,NM,N,V,NM,NM,True,corenlp,5,219
num Keys,NM NPL,Keys,N,N,N,NPL,N,False,corenlp,5,219
num light,NM N,num,NM,N,N,NM,NM,True,okhttp,1,220
num light,NM N,light,N,N,N,N,N,True,okhttp,1,220
num States,NM NPL,num,NM,N,V,NM,NM,True,corenlp,3,221
num States,NM NPL,States,N,N,N,NPL,N,False,corenlp,3,221
num Verts In A,NM NPL P N,num,NM,FAILURE,N,NM,N,False,bullet3,3,222
num Verts In A,NM NPL P N,Verts,NM,FAILURE,NPL,NPL,NPL,True,bullet3,3,222
num Verts In A,NM NPL P N,In,NM,FAILURE,P,P,P,True,bullet3,3,222
num Verts In A,NM NPL P N,A,N,FAILURE,N,N,N,True,bullet3,3,222
number Elementary Vegas,NM NM NPL,number,NM,N,N,NM,NM,True,bullet3,1,223
number Elementary Vegas,NM NM NPL,Elementary,NM,NM,N,NM,NM,True,bullet3,1,223
number Elementary Vegas,NM NM NPL,Vegas,N,N,N,NPL,N,False,bullet3,1,223
OAuth Session,NM N,OAuth,NM,N,N,NM,NM,True,okhttp,2,224
OAuth Session,NM N,Session,NM,N,N,N,N,True,okhttp,2,224
OAuth Session Factory,NM NM N,OAuth,NM,N,N,NM,NM,True,okhttp,2,225
OAuth Session Factory,NM NM N,Session,NM,N,N,NM,NM,True,okhttp,2,225
OAuth Session Factory,NM NM N,Factory,NM,N,N,N,N,True,okhttp,2,225
OF Android Life Cycle Helper,PRE NM NM NM N,OF,NM,P,P,PRE,P,False,openFrameworks,2,226
OF Android Life Cycle Helper,PRE NM NM NM N,Android,NM,N,N,NM,NM,True,openFrameworks,2,226
OF Android Life Cycle Helper,PRE NM NM NM N,Life,NM,N,N,NM,NM,True,openFrameworks,2,226
OF Android Life Cycle Helper,PRE NM NM NM N,Cycle,NM,N,N,NM,NM,True,openFrameworks,2,226
OF Android Life Cycle Helper,PRE NM NM NM N,Helper,N,N,N,N,N,True,openFrameworks,2,226
OF Android Object,PRE NM N,OF,NM,P,P,PRE,P,False,openFrameworks,2,227
OF Android Object,PRE NM N,Android,NM,N,N,NM,NM,True,openFrameworks,2,227
OF Android Object,PRE NM N,Object,N,N,N,N,N,True,openFrameworks,2,227
OF Android Sound Player,PRE NM NM N,OF,NM,P,P,PRE,P,False,openFrameworks,2,228
OF Android Sound Player,PRE NM NM N,Android,NM,N,N,NM,NM,True,openFrameworks,2,228
OF Android Sound Player,PRE NM NM N,Sound,NM,NM,N,NM,NM,True,openFrameworks,2,228
OF Android Sound Player,PRE NM NM N,Player,N,N,N,N,N,True,openFrameworks,2,228
OF Android Window,PRE NM N,OF,NM,P,P,PRE,P,False,openFrameworks,2,229
OF Android Window,PRE NM N,Android,NM,N,N,NM,NM,True,openFrameworks,2,229
OF Android Window,PRE NM N,Window,N,N,N,N,N,True,openFrameworks,2,229
OF Orientation Listener,PRE NM N,OF,NM,P,P,PRE,P,False,openFrameworks,2,230
OF Orientation Listener,PRE NM N,Orientation,NM,N,N,NM,NM,True,openFrameworks,2,230
OF Orientation Listener,PRE NM N,Listener,N,N,N,N,N,True,openFrameworks,2,230
one Document,NM N,one,NM,NM,D,NM,NM,True,corenlp,3,231
one Document,NM N,Document,N,N,N,N,N,True,corenlp,3,231
OP CODE CONTINUATION,NM NM N,OP,NM,N,N,NM,NM,True,openFrameworks,1,232
OP CODE CONTINUATION,NM NM N,CODE,NM,N,N,NM,NM,True,openFrameworks,1,232
OP CODE CONTINUATION,NM NM N,CONTINUATION,N,N,N,N,N,True,openFrameworks,1,232
open Class Tags,NM NM NPL,open,NM,NM,NM,NM,NM,True,corenlp,3,233
open Class Tags,NM NM NPL,Class,NM,N,N,NM,NM,True,corenlp,3,233
open Class Tags,NM NM NPL,Tags,N,N,N,NPL,N,False,corenlp,3,233
optimize Identity Cast Composition,V NM NM N,optimize,V,V,VBP,V,V,True,okhttp,4,234
optimize Identity Cast Composition,V NM NM N,Identity,NM,N,N,NM,NM,True,okhttp,4,234
optimize Identity Cast Composition,V NM NM N,Cast,NM,N,VBD,NM,NM,True,okhttp,4,234
optimize Identity Cast Composition,V NM NM N,Composition,N,N,N,N,N,True,okhttp,4,234
order With,V P,order,NM,V,V,V,V,True,junit4,3,235
order With,V P,With,N,P,N,P,P,True,junit4,3,235
ori W,NM N,ori,NM,N,N,NM,NM,True,bullet3,3,236
ori W,NM N,W,N,N,N,N,N,True,bullet3,3,236
original Mocking Details,NM NM NPL,original,NM,NM,NM,NM,NM,True,okhttp,1,237
original Mocking Details,NM NM NPL,Mocking,NM,NM,N,NM,NM,True,okhttp,1,237
original Mocking Details,NM NM NPL,Details,N,N,N,NPL,N,False,okhttp,1,237
out table,NM N,out,NM,P,P,NM,NM,True,bullet3,5,238
out table,NM N,table,N,N,N,N,N,True,bullet3,5,238
outer Rule,NM N,outer,NM,NM,NM,NM,NM,True,junit4,5,239
outer Rule,NM N,Rule,N,N,N,N,N,True,junit4,5,239
p global info 32,PRE NM N D,p,NM,N,N,PRE,NM,False,bullet3,5,240
p global info 32,PRE NM N D,global,NM,NM,NM,NM,NM,True,bullet3,5,240
p global info 32,PRE NM N D,info,NM,N,N,N,NM,False,bullet3,5,240
p global info 32,PRE NM N D,32,N,NM,D,D,D,True,bullet3,5,240
palette size,NM N,palette,NM,N,N,NM,NM,True,bullet3,5,241
palette size,NM N,size,N,N,N,N,N,True,bullet3,5,241
Parallel Computer,NM N,Parallel,NM,NM,NM,NM,NM,True,junit4,2,242
Parallel Computer,NM N,Computer,N,N,N,N,N,True,junit4,2,242
parameter Assignment,NM N,parameter,NM,N,N,NM,NM,True,junit4,5,243
parameter Assignment,NM N,Assignment,N,N,N,N,N,True,junit4,5,243
Parameter Signature,NM N,Parameter,NM,N,N,NM,NM,True,junit4,2,244
Parameter Signature,NM N,Signature,N,N,N,N,N,True,junit4,2,244
PARENT,N,PARENT,N,N,N,N,N,True,openFrameworks,1,245
parse Expires,V NPL,parse,V,V,VBP,V,V,True,bullet3,4,246
parse Expires,V NPL,Expires,N,N,NPL,NPL,NPL,True,bullet3,4,246
passphrase,N,passphrase,N,N,N,N,N,True,openFrameworks,3,247
path With Native Separators,N P NM NPL,path,NM,FAILURE,N,N,N,True,corenlp,4,248
path With Native Separators,N P NM NPL,With,NM,FAILURE,P,P,P,True,corenlp,4,248
path With Native Separators,N P NM NPL,Native,NM,FAILURE,NM,NM,NM,True,corenlp,4,248
path With Native Separators,N P NM NPL,Separators,N,FAILURE,NPL,NPL,NPL,True,corenlp,4,248
Patterns Annotations,NM NPL,Patterns,NM,N,N,NM,NM,True,corenlp,2,249
Patterns Annotations,NM NPL,Annotations,N,N,NPL,NPL,NPL,True,corenlp,2,249
Physics Client Example,NM NM N,Physics,NM,N,N,NM,NM,True,bullet3,2,250
Physics Client Example,NM NM N,Client,NM,N,N,NM,NM,True,bullet3,2,250
Physics Client Example,NM NM N,Example,N,N,N,N,N,True,bullet3,2,250
pickup,N,pickup,N,N,N,N,N,True,openFrameworks,1,251
planes,NPL,planes,N,N,NPL,NPL,NPL,True,bullet3,5,252
platform String,NM N,platform,NM,N,N,NM,NM,True,openFrameworks,3,253
platform String,NM N,String,N,N,N,N,N,True,openFrameworks,3,253
png read IDAT data,NM V NM N,png,PRE,V,VM,NM,NM,True,openFrameworks,4,254
png read IDAT data,NM V NM N,read,V,N,VBD,V,V,True,openFrameworks,4,254
png read IDAT data,NM V NM N,IDAT,NM,N,N,NM,NM,True,openFrameworks,4,254
png read IDAT data,NM V NM N,data,N,FAILURE,NPL,N,NPL,False,openFrameworks,4,254
Post File,NM N,Post,NM,N,N,NM,NM,True,okhttp,2,255
Post File,NM N,File,N,N,N,N,N,True,okhttp,2,255
pre Map,P N,pre,NM,N,NM,P,NM,False,corenlp,5,256
pre Map,P N,Map,N,N,N,N,N,True,corenlp,5,256
present Scaling,NM N,present,NM,NM,NM,NM,NM,True,openFrameworks,3,257
present Scaling,NM N,Scaling,N,N,N,N,N,True,openFrameworks,3,257
previous Stream Id,NM NM N,previous,NM,NM,NM,NM,NM,True,okhttp,3,258
previous Stream Id,NM NM N,Stream,NM,N,N,NM,NM,True,okhttp,3,258
previous Stream Id,NM NM N,Id,N,N,N,N,N,True,okhttp,3,258
Print Events,NM NPL,Print,NM,N,V,NM,NM,True,okhttp,2,259
Print Events,NM NPL,Events,N,N,NPL,NPL,NPL,True,okhttp,2,259
promises,NPL,promises,N,N,NPL,NPL,NPL,True,okhttp,5,260
pronoun,N,pronoun,N,N,N,N,N,True,corenlp,5,261
push Reset Later,V N VM,push,V,V,VBP,V,V,True,okhttp,4,262
push Reset Later,V N VM,Reset,NM,N,N,N,NM,False,okhttp,4,262
push Reset Later,V N VM,Later,N,NM,VM,VM,N,False,okhttp,4,262
q tail,NM N,q,NM,N,N,NM,NM,True,junit4,1,263
q tail,NM N,tail,N,N,N,N,N,True,junit4,1,263
quad Bezier To,NM N P,quad,NM,FAILURE,VBD,NM,NM,True,openFrameworks,4,264
IDENTIFIER,GRAMMAR_PATTERN,WORD,SWUM,POSSE,STANFORD,CORRECT,PREDICTION,MATCH,SYSTEM,CONTEXT,IDENT
accelerometer Data,NM N,accelerometer,NM,N,N,NM,NM,True,openFrameworks,5,0
accelerometer Data,NM N,Data,N,N,N,N,N,True,openFrameworks,5,0
actual,N,actual,N,N,N,N,N,True,junit4,5,1
actual Count,NM N,actual,NM,NM,NM,NM,NM,True,okhttp,1,2
actual Count,NM N,Count,N,N,N,N,N,True,okhttp,1,2
actual Suffix,NM N,actual,NM,NM,NM,NM,NM,True,junit4,3,3
actual Suffix,NM N,Suffix,N,N,N,N,N,True,junit4,3,3
Added Unicode Smp,NM NM N,Added,NM,N,N,NM,NM,True,corenlp,1,4
Added Unicode Smp,NM NM N,Unicode,NM,N,N,NM,NM,True,corenlp,1,4
Added Unicode Smp,NM NM N,Smp,N,N,N,N,N,True,corenlp,1,4
all Open Files String,DT NM NM N,all,DT,V,DT,DT,DT,True,okhttp,4,5
all Open Files String,DT NM NM N,Open,NM,N,N,NM,NM,True,okhttp,4,5
all Open Files String,DT NM NM N,Files,NM,N,N,NM,NM,True,okhttp,4,5
all Open Files String,DT NM NM N,String,N,FAILURE,N,N,N,True,okhttp,4,5
alt Name,NM N,alt,NM,N,N,NM,NM,True,okhttp,5,6
alt Name,NM N,Name,N,N,N,N,N,True,okhttp,5,6
ambient coefficient,NM N,ambient,NM,NM,NM,NM,NM,True,bullet3,5,7
ambient coefficient,NM N,coefficient,N,N,N,N,N,True,bullet3,5,7
apply Margin Insets,V NM NPL,apply,V,V,VBP,V,V,True,corenlp,4,8
apply Margin Insets,V NM NPL,Margin,NM,N,N,NM,NM,True,corenlp,4,8
apply Margin Insets,V NM NPL,Insets,N,N,NPL,NPL,NPL,True,corenlp,4,8
Arabic Segmenter,NM N,Arabic,NM,NM,NM,NM,NM,True,corenlp,2,9
Arabic Segmenter,NM N,Segmenter,N,N,N,N,N,True,corenlp,2,9
array Class,NM N,array,NM,N,N,NM,NM,True,junit4,5,10
array Class,NM N,Class,N,N,N,N,N,True,junit4,5,10
Assertion Failed Error,NM NM N,Assertion,NM,N,N,NM,NM,True,junit4,2,11
Assertion Failed Error,NM NM N,Failed,NM,N,VBD,NM,NM,True,junit4,2,11
Assertion Failed Error,NM NM N,Error,N,N,N,N,N,True,junit4,2,11
assigns,NPL,assigns,N,V,VBZ,NPL,N,False,junit4,5,12
Attribute,N,Attribute,N,N,N,N,N,True,openFrameworks,2,13
avg Map,NM N,avg,NM,N,N,NM,NM,True,corenlp,3,14
avg Map,NM N,Map,N,N,N,N,N,True,corenlp,3,14
b Flip Horizontally,PRE V VM,b,NM,FAILURE,N,PRE,NM,False,openFrameworks,5,15
b Flip Horizontally,PRE V VM,Flip,NM,FAILURE,N,V,NM,False,openFrameworks,5,15
b Flip Horizontally,PRE V VM,Horizontally,N,FAILURE,VM,VM,VM,True,openFrameworks,5,15
b Loop,PRE N,b,NM,N,N,PRE,NM,False,corenlp,1,16
b Loop,PRE N,Loop,N,N,N,N,N,True,corenlp,1,16
b Multi Fullscreen,PRE NM N,b,NM,N,N,PRE,NM,False,openFrameworks,5,17
b Multi Fullscreen,PRE NM N,Multi,NM,N,N,NM,NM,True,openFrameworks,5,17
b Multi Fullscreen,PRE NM N,Fullscreen,N,N,N,N,N,True,openFrameworks,5,17
b3 Push Profile Timing,PRE V NM N,b3,PRE,V,VBP,PRE,NM,False,bullet3,4,18
b3 Push Profile Timing,PRE V NM N,Push,D,N,N,V,N,False,bullet3,4,18
b3 Push Profile Timing,PRE V NM N,Profile,V,N,N,NM,V,False,bullet3,4,18
b3 Push Profile Timing,PRE V NM N,Timing,NM,FAILURE,N,N,N,True,bullet3,4,18
backprop Training,NM N,backprop,NM,N,NM,NM,NM,True,corenlp,5,19
backprop Training,NM N,Training,N,N,N,N,N,True,corenlp,5,19
base Category,NM N,base,NM,NM,V,NM,NM,True,corenlp,3,20
base Category,NM N,Category,N,N,N,N,N,True,corenlp,3,20
base transform,NM N,base,NM,N,N,NM,NM,True,bullet3,3,21
base transform,NM N,transform,N,V,V,N,V,False,bullet3,3,21
bean Configs,NM NPL,bean,NM,N,N,NM,NM,True,okhttp,1,22
bean Configs,NM NPL,Configs,N,N,NPL,NPL,NPL,True,okhttp,1,22
best Node,NM N,best,NM,NM,VM,NM,NM,True,corenlp,3,23
best Node,NM N,Node,N,N,N,N,N,True,corenlp,3,23
Binary Rule,NM N,Binary,NM,NM,NM,NM,NM,True,corenlp,2,24
Binary Rule,NM N,Rule,N,N,N,N,N,True,corenlp,2,24
Bitmap Data Size,NM NM N,Bitmap,NM,N,N,NM,NM,True,junit4,1,25
Bitmap Data Size,NM NM N,Data,NM,N,N,NM,NM,True,junit4,1,25
Bitmap Data Size,NM NM N,Size,N,N,N,N,N,True,junit4,1,25
bm log,NM N,bm,NM,N,N,NM,NM,True,junit4,1,26
bm log,NM N,log,N,N,N,N,N,True,junit4,1,26
breakpoint,N,breakpoint,N,N,N,N,N,True,corenlp,1,27
bt Collision Shape,PRE NM N,bt,NM,N,P,PRE,NM,False,bullet3,2,28
bt Collision Shape,PRE NM N,Collision,NM,N,N,NM,NM,True,bullet3,2,28
bt Collision Shape,PRE NM N,Shape,N,N,VBG,N,N,True,bullet3,2,28
bt Deformable Contact Constraint,PRE NM NM N,bt,NM,N,P,PRE,NM,False,bullet3,2,29
bt Deformable Contact Constraint,PRE NM NM N,Deformable,NM,NM,NM,NM,NM,True,bullet3,2,29
bt Deformable Contact Constraint,PRE NM NM N,Contact,NM,N,N,NM,NM,True,bullet3,2,29
bt Deformable Contact Constraint,PRE NM NM N,Constraint,N,N,N,N,N,True,bullet3,2,29
bt Material,PRE N,bt,NM,N,P,PRE,NM,False,bullet3,2,30
bt Material,PRE N,Material,N,N,N,N,N,True,bullet3,2,30
build minimized FA,V NM N,build,V,V,VBP,V,V,True,corenlp,4,31
build minimized FA,V NM N,minimized,NM,NM,VBN,NM,NM,True,corenlp,4,31
build minimized FA,V NM N,FA,N,N,N,N,N,True,corenlp,4,31
build sentence from tokens,V N P NPL,build,V,V,VBP,V,V,True,corenlp,4,32
build sentence from tokens,V N P NPL,sentence,N,N,N,N,N,True,corenlp,4,32
build sentence from tokens,V N P NPL,from,P,P,P,P,P,True,corenlp,4,32
build sentence from tokens,V N P NPL,tokens,N,N,NPL,NPL,NPL,True,corenlp,4,32
C At Background Color,PRE NM NM N,C,NM,FAILURE,N,PRE,N,False,openFrameworks,2,33
C At Background Color,PRE NM NM N,At,NM,FAILURE,P,NM,P,False,openFrameworks,2,33
C At Background Color,PRE NM NM N,Background,NM,FAILURE,N,NM,NM,True,openFrameworks,2,33
C At Background Color,PRE NM NM N,Color,N,FAILURE,N,N,N,True,openFrameworks,2,33
C At Font,PRE NM N,C,NM,FAILURE,N,PRE,N,False,openFrameworks,2,34
C At Font,PRE NM N,At,NM,FAILURE,P,NM,P,False,openFrameworks,2,34
IDENTIFIER,GRAMMAR_PATTERN,WORD,SWUM,POSSE,STANFORD,CORRECT,PREDICTION,MATCH,SYSTEM,CONTEXT,IDENT
IDENTIFIER,GRAMMAR_PATTERN,WORD,SWUM,POSSE,STANFORD,CORRECT,PREDICTION,MATCH,SYSTEM,CONTEXT,IDENT
IDENTIFIER,GRAMMAR_PATTERN,WORD,SWUM,POSSE,STANFORD,CORRECT,PREDICTION,MATCH,SYSTEM,CONTEXT,IDENT
IDENTIFIER,GRAMMAR_PATTERN,WORD,SWUM,POSSE,STANFORD,CORRECT,PREDICTION,MATCH,SYSTEM,CONTEXT,IDENT
IDENTIFIER,GRAMMAR_PATTERN,WORD,SWUM,POSSE,STANFORD,CORRECT,PREDICTION,MATCH,SYSTEM,CONTEXT,IDENT
IDENTIFIER,GRAMMAR_PATTERN,WORD,SWUM,POSSE,STANFORD,CORRECT,PREDICTION,MATCH,SYSTEM,CONTEXT,IDENT
IDENTIFIER,GRAMMAR_PATTERN,WORD,SWUM,POSSE,STANFORD,CORRECT,PREDICTION,MATCH,SYSTEM,CONTEXT,IDENT
IDENTIFIER,GRAMMAR_PATTERN,WORD,SWUM,POSSE,STANFORD,CORRECT,PREDICTION,MATCH,SYSTEM,CONTEXT,IDENT
IDENTIFIER,GRAMMAR_PATTERN,WORD,SWUM,POSSE,STANFORD,CORRECT,PREDICTION,MATCH,SYSTEM,CONTEXT,IDENT
IDENTIFIER,GRAMMAR_PATTERN,WORD,SWUM,POSSE,STANFORD,CORRECT,PREDICTION,MATCH,SYSTEM,CONTEXT,IDENT
IDENTIFIER,GRAMMAR_PATTERN,WORD,SWUM,POSSE,STANFORD,CORRECT,PREDICTION,MATCH,SYSTEM,CONTEXT,IDENT
IDENTIFIER,GRAMMAR_PATTERN,WORD,SWUM,POSSE,STANFORD,CORRECT,PREDICTION,MATCH,SYSTEM,CONTEXT,IDENT
IDENTIFIER,GRAMMAR_PATTERN,WORD,SWUM,POSSE,STANFORD,CORRECT,PREDICTION,MATCH,SYSTEM,CONTEXT,IDENT
IDENTIFIER,GRAMMAR_PATTERN,WORD,SWUM,POSSE,STANFORD,CORRECT,PREDICTION,MATCH,SYSTEM,CONTEXT,IDENT
IDENTIFIER,GRAMMAR_PATTERN,WORD,SWUM,POSSE,STANFORD,CORRECT,PREDICTION,MATCH,SYSTEM,CONTEXT,IDENT
IDENTIFIER,GRAMMAR_PATTERN,WORD,SWUM,POSSE,STANFORD,CORRECT,PREDICTION,MATCH,SYSTEM,CONTEXT,IDENT
IDENTIFIER,GRAMMAR_PATTERN,WORD,SWUM,POSSE,STANFORD,CORRECT,PREDICTION,MATCH,SYSTEM,CONTEXT,IDENT
IDENTIFIER,GRAMMAR_PATTERN,WORD,SWUM,POSSE,STANFORD,CORRECT,PREDICTION,MATCH,SYSTEM,CONTEXT,IDENT
IDENTIFIER,GRAMMAR_PATTERN,WORD,SWUM,POSSE,STANFORD,CORRECT,PREDICTION,MATCH,SYSTEM,CONTEXT,IDENT
IDENTIFIER,GRAMMAR_PATTERN,WORD,SWUM,POSSE,STANFORD,CORRECT,PREDICTION,MATCH,SYSTEM,CONTEXT,IDENT
IDENTIFIER,GRAMMAR_PATTERN,WORD,SWUM,POSSE,STANFORD,CORRECT,PREDICTION,MATCH,SYSTEM,CONTEXT,IDENT
IDENTIFIER,GRAMMAR_PATTERN,WORD,SWUM,POSSE,STANFORD,CORRECT,PREDICTION,MATCH,SYSTEM,CONTEXT,IDENT
IDENTIFIER,GRAMMAR_PATTERN,WORD,SWUM,POSSE,STANFORD,CORRECT,PREDICTION,MATCH,SYSTEM,CONTEXT,IDENT
IDENTIFIER,GRAMMAR_PATTERN,WORD,SWUM,POSSE,STANFORD,CORRECT,PREDICTION,MATCH,SYSTEM,CONTEXT,IDENT
IDENTIFIER,GRAMMAR_PATTERN,WORD,SWUM,POSSE,STANFORD,CORRECT,PREDICTION,MATCH,SYSTEM,CONTEXT,IDENT
IDENTIFIER,GRAMMAR_PATTERN,WORD,SWUM,POSSE,STANFORD,CORRECT,PREDICTION,MATCH,SYSTEM,CONTEXT,IDENT
IDENTIFIER,GRAMMAR_PATTERN,WORD,SWUM,POSSE,STANFORD,CORRECT,PREDICTION,MATCH,SYSTEM,CONTEXT,IDENT
IDENTIFIER,GRAMMAR_PATTERN,WORD,SWUM,POSSE,STANFORD,CORRECT,PREDICTION,MATCH,SYSTEM,CONTEXT,IDENT
IDENTIFIER,GRAMMAR_PATTERN,WORD,SWUM,POSSE,STANFORD,CORRECT,PREDICTION,MATCH,SYSTEM,CONTEXT,IDENT
IDENTIFIER,GRAMMAR_PATTERN,WORD,SWUM,POSSE,STANFORD,CORRECT,PREDICTION,MATCH,SYSTEM,CONTEXT,IDENT
IDENTIFIER,GRAMMAR_PATTERN,WORD,SWUM,POSSE,STANFORD,CORRECT,PREDICTION,MATCH,SYSTEM,CONTEXT,IDENT
IDENTIFIER,GRAMMAR_PATTERN,WORD,SWUM,POSSE,STANFORD,CORRECT,PREDICTION,MATCH,SYSTEM,CONTEXT,IDENT
IDENTIFIER,GRAMMAR_PATTERN,WORD,SWUM,POSSE,STANFORD,CORRECT,PREDICTION,MATCH,SYSTEM,CONTEXT,IDENT
IDENTIFIER,GRAMMAR_PATTERN,WORD,SWUM,POSSE,STANFORD,CORRECT,PREDICTION,MATCH,SYSTEM,CONTEXT,IDENT
IDENTIFIER,GRAMMAR_PATTERN,WORD,SWUM,POSSE,STANFORD,CORRECT,PREDICTION,MATCH,SYSTEM,CONTEXT,IDENT
IDENTIFIER,GRAMMAR_PATTERN,WORD,SWUM,POSSE,STANFORD,CORRECT,PREDICTION,MATCH,SYSTEM,CONTEXT,IDENT
IDENTIFIER,GRAMMAR_PATTERN,WORD,SWUM,POSSE,STANFORD,CORRECT,PREDICTION,MATCH,SYSTEM,CONTEXT,IDENT
IDENTIFIER,GRAMMAR_PATTERN,WORD,SWUM,POSSE,STANFORD,CORRECT,PREDICTION,MATCH,SYSTEM,CONTEXT,IDENT
IDENTIFIER,GRAMMAR_PATTERN,WORD,SWUM,POSSE,STANFORD,CORRECT,PREDICTION,MATCH,SYSTEM,CONTEXT,IDENT
IDENTIFIER,GRAMMAR_PATTERN,WORD,SWUM,POSSE,STANFORD,CORRECT,PREDICTION,MATCH,SYSTEM,CONTEXT,IDENT
IDENTIFIER,GRAMMAR_PATTERN,WORD,SWUM,POSSE,STANFORD,CORRECT,PREDICTION,MATCH,SYSTEM,CONTEXT,IDENT
IDENTIFIER,GRAMMAR_PATTERN,WORD,SWUM,POSSE,STANFORD,CORRECT,PREDICTION,MATCH,SYSTEM,CONTEXT,IDENT
IDENTIFIER,GRAMMAR_PATTERN,WORD,SWUM,POSSE,STANFORD,CORRECT,PREDICTION,MATCH,SYSTEM,CONTEXT,IDENT
IDENTIFIER,GRAMMAR_PATTERN,WORD,SWUM,POSSE,STANFORD,CORRECT,PREDICTION,MATCH,SYSTEM,CONTEXT,IDENT
IDENTIFIER,GRAMMAR_PATTERN,WORD,SWUM,POSSE,STANFORD,CORRECT,PREDICTION,MATCH,SYSTEM,CONTEXT,IDENT
IDENTIFIER,GRAMMAR_PATTERN,WORD,SWUM,POSSE,STANFORD,CORRECT,PREDICTION,MATCH,SYSTEM,CONTEXT,IDENT
IDENTIFIER,GRAMMAR_PATTERN,WORD,SWUM,POSSE,STANFORD,CORRECT,PREDICTION,MATCH,SYSTEM,CONTEXT,IDENT
IDENTIFIER,GRAMMAR_PATTERN,WORD,SWUM,POSSE,STANFORD,CORRECT,PREDICTION,MATCH,SYSTEM,CONTEXT,IDENT
IDENTIFIER,GRAMMAR_PATTERN,WORD,SWUM,POSSE,STANFORD,CORRECT,PREDICTION,MATCH,SYSTEM,CONTEXT,IDENT
IDENTIFIER,GRAMMAR_PATTERN,WORD,SWUM,POSSE,STANFORD,CORRECT,PREDICTION,MATCH,SYSTEM,CONTEXT,IDENT
